{"cameraMode":{"drawMode":0,"name":"Shaded","section":"Shading Mode"},"sceneLighting":false,"audioPlay":false,"sceneViewState":{"showFog":true,"showMaterialUpdate":false,"showSkybox":false,"showFlares":true,"showImageEffects":true,"showParticleSystems":true},"in2DMode":false,"pivot":{"x":0.2133083939552307,"y":-0.30616068840026858,"z":-4.952634334564209},"rotation":{"x":0.11052467674016953,"y":0.06645409017801285,"z":-0.007416475098580122,"w":0.9916430711746216},"size":5.39552640914917,"orthographic":true}